fold_index,train_metric,top_n,weighting
0,0.16134003012007805,20,score
1,0.30648637569639586,20,equal
2,0.4913494349231667,20,score
3,1.661309156858214,20,score
