,momentum_60,reversal_20,volatility_20,liquidity_20
momentum_60,1.0,-0.6009290208145903,0.3069405123055867,0.16686992630459474
reversal_20,-0.6009290208145903,1.0,-0.4132022785880594,-0.043210274744666856
volatility_20,0.3069405123055867,-0.4132022785880594,1.0,0.479633198912481
liquidity_20,0.16686992630459474,-0.043210274744666856,0.479633198912481,1.0
