,momentum_60,reversal_20,volatility_20,liquidity_20
momentum_60,1.0,-0.4902967095433495,0.13999245223466034,0.16139758693852455
reversal_20,-0.4902967095433495,1.0,-0.1447850014458178,-0.0645282719244895
volatility_20,0.13999245223466034,-0.1447850014458178,1.0,0.43882058717808176
liquidity_20,0.16139758693852455,-0.0645282719244895,0.43882058717808176,1.0
