fold_index,train_metric,top_n,weighting
0,2.037936345482164,30,equal
1,2.51571821177402,40,equal
2,2.346388238722697,20,equal
3,3.4080376518272133,20,equal
